genome1_contig2	877	2652	ATAGGGAAGAGACCTGAAAGGGAGTTGAGGTCGATG	42.81	99.85	99.85	0	2	+	-41.763
genome1_contig3	4840	10400	AACAACCACCATTCATGAATTCAAGGTAACGTCAAAAGACG	42.1	87.795	0.0	0	0	+	52.3175
genome1_contig3	354	5914	TCCAAATGAAACAGGTGTAACTACCCATTCCAAGATTACAG	41.02	88.48200000000001	0.0	0	0	+	52.44500000000001
genome1_contig3	2678	8233	CCTTACAAGACCTGGAACACCGAGTTCACCACTCCG	45.16	91.116	0.0	0	0	+	54.59
genome1_contig1	1664	3864	AAAATGAAGTTCAAGAAATGTCGTTGTCTTGACCGTTTCAG	41.08	93.053	0.0	0	0	+	54.7425
genome1_contig3	810	6367	TACCAACAAGAAGACATTCCCTATTCACAACGTTGAGG	41.2	93.492	0.0	0	0	+	54.986000000000004
genome1_contig4	4352	11232	CCCTACTTCAGAGACCATCATCTGGAACACATATAAGAACT	41.04	93.62200000000001	0.0	0	0	+	55.019000000000005
genome1_contig4	6190	13065	ACGATGTACAGGTAAAGAAGGGTTTCATGGGTTTGA	41.06	94.464	0.0	0	0	+	55.444
genome1_contig2	291	2071	ATATTGTATGATTGATGTCTTGCAAATGACAGACCTCACGT	41.02	94.766	0.0	0	0	+	55.587
genome1_contig3	4433	9992	AAAATAGACTCAAAAGACATCATCAAAGGCATCAAACGCG	41.14	95.101	0.0	0	0	+	55.7785
genome1_contig4	1263	8138	TTTTGCTGAACACCTCTTTCTGAATCTGATTGCGGT	41.95	95.21799999999999	0.0	0	0	+	55.998999999999995
genome1_contig3	4693	10253	AAGAACCATAAAATGGGATACTAACCTTGGTGGTATTGTGC	41.27	95.59899999999999	0.0	0	0	+	56.0535
genome1_contig4	269	7147	TCAATCTCATCGATGAATCGGCTCGGATTATCAAATTCC	41.19	95.661	0.0	0	0	+	56.0685
genome1_contig3	2642	8197	AATTCTCTCCTCCCAGACGAGGAGTTGACATACACC	42.9	94.988	0.0	0	0	+	56.074
genome1_contig3	227	5786	ATGCCAATGAGTATGATGTTAATGATGTTACCTTGCTGGT	41.2	95.802	0.0	0	0	+	56.141000000000005
genome1_contig3	1672	7227	AAGCCTAACACTCAAGACGATGAGAACGACATGTAC	41.04	95.926	0.0	0	0	+	56.171
genome1_contig3	1071	6627	TAAATTGACTGCAGAACTTGGTACTCCACTGTACTGC	41.21	96.042	0.0	0	0	+	56.263000000000005
genome1_contig4	5187	12062	GAAGACATCCAGAAGAACATCTTCGAGAAGGCTCGT	42.17	95.821	0.0	0	0	+	56.3445
genome1_contig3	4881	10438	GCTCTAAGTCTCAGACTGTTCGTGTAACAGTTAGTCCT	41.31	96.272	0.0	0	0	+	56.398
genome1_contig4	1038	7918	TACGCTGATAGAAACTCAATCCACCGTAAATACGATATGGG	41.54	96.484	0.0	0	0	+	56.55
genome1_contig2	127	1907	TATTTTGTGCCGTATATCAAGGGTAAGGGTATTCGTGATGT	41.61	96.462	0.0	0	0	+	56.553000000000004
genome1_contig3	5050	10606	TGAGGATGCAAATGATAAAAGTGCCAAACCAGACAAC	41.22	96.654	0.0	0	0	+	56.571
genome1_contig4	6633	13513	ATGATTAGAATCCCCACTTTTCCTTAACCGTATTCGGATCA	41.52	96.581	0.0	0	0	+	56.594500000000004
genome1_contig3	3178	8733	GTTGGAGGGTGAAGGATACTCCTTCAACTCGTCTAG	41.76	96.65299999999999	0.0	0	0	+	56.6785
genome1_contig3	3137	8697	TGGTTGTTGACTAGTTTATTTGCAGTTAGTTGTAACGACGA	41.02	97.555	0.0	0	0	+	56.981500000000004
genome1_contig4	1335	8214	TTTGAGTTGACCGGTAGTTCTGTTCCAGTTTAAAGAGTTG	41.25	97.505	0.0	0	0	+	57.0025
genome1_contig3	1445	7005	TAGGTCTTTCTGAAGGTAATGGTATCAGCACTTACGAAAGT	41.19	97.963	0.0	0	0	+	57.2195
genome1_contig1	1825	4025	GGCTAAGTTTAATTATACGACAGTAACTCGCACGATTCTCG	41.09	98.11	0.0	0	0	+	57.273
genome1_contig3	4514	10074	AATCCAGATATCCCTATTCGTGATTATGCAAAAGATCAGCG	41.02	98.15100000000001	0.0	0	0	+	57.279500000000006
genome1_contig3	191	5746	GTACACGTGCTACTGACCCTTCATTTGATAAGGGTG	41.47	98.785	0.0	0	2	+	57.2865
genome1_contig3	2485	8040	GGTGAAAGACCTTCAGGTTACCCACCATACCATCAG	42.53	97.684	0.0	0	0	+	57.348
genome1_contig1	2114	4314	AAAGCTTTCAATGAATTCATCCAAAGTTTCCATGTTGAGGG	41.24	98.346	0.0	0	0	+	57.42100000000001
genome1_contig3	1404	6964	TACTCTTCAACCTGCTGATGTAAAGGCTATTAACGTCAAGT	41.58	98.238	0.0	0	0	+	57.435
genome1_contig3	395	5950	CAAAGCTTGAAAAGGTCGACAAGAATGGCGATTTCT	41.32	98.395	0.0	0	0	+	57.4615
genome1_contig3	2907	8462	CTGCCCAGGAATTCCTGGATAGAGAATACGACTACA	41.44	98.35600000000001	0.0	0	0	+	57.46600000000001
genome1_contig3	431	5990	TCGCATTGGTACTTTTGAACAATGGTAAAGATGCAAATGC	41.62	98.35700000000001	0.0	0	0	+	57.502500000000005
genome1_contig3	4973	10533	ACTGGAGGTAACAGTTCCGATAATTTCAAGGGAATCTTAGC	41.85	98.305	0.0	0	0	+	57.52250000000001
genome1_contig1	758	2956	CTATGCGAAGAGAATGAGTGAAAAGTATGGATGCCAACT	41.25	98.60600000000001	0.0	0	0	+	57.553000000000004
genome1_contig3	5452	11012	TATATGGCGTGTACATGATGATATGCCTGAAATAGAGGACA	41.13	98.684	0.0	0	0	+	57.568
genome1_contig3	619	6179	GTTGCTATCGACAAAGATAAGATTTACCCAACAGAATCCCA	41.03	98.75200000000001	0.0	0	0	+	57.58200000000001
genome1_contig4	6226	13104	CCATCAAGTTGATCTACAAACCAACCAACAGTGCTATCA	41.49	98.58	0.0	0	0	+	57.588
genome1_contig4	563	7438	AGCGCCACATCCTGCAGATAATCGGTAAGATAGGCT	44.6	97.348	0.0	0	0	+	57.594
genome1_contig3	1108	6665	CTCGAGAATACATTCAACCTCGACAATATGATGCAGGG	41.3	98.70700000000001	0.0	0	0	+	57.6135
genome1_contig4	1957	8832	CATATAGAGATGCTGGGCGAGGTCATCACCCACCAG	44.9	97.29	0.0	0	0	+	57.625
genome1_contig4	3817	10696	AATTTTGCATGCAAATTTAAGGGTATTTGTCCAAATGGCG	41.09	98.837	0.0	0	0	+	57.636500000000005
genome1_contig3	478	6038	ACTTTGCCACATGATGGTGATAAATTTTCAACTTGGAATGC	41.52	98.675	0.0	0	0	+	57.6415
genome1_contig4	6337	13217	AGGTAGAATCTTCTATAAAGAAGTTCCCGGTATCAGCCATC	41.09	99.07	0.0	0	0	+	57.753
genome1_contig4	6720	13595	AGAAGAAATCGAGACCTGTGAGTTCCTCCAGTTTCT	41.58	98.895	0.0	0	0	+	57.7635
genome1_contig3	152	5710	GCTATGCTTCTTTCTCTATCAACTTGCCAACAACAAACG	41.28	99.084	0.0	0	0	+	57.798
genome1_contig4	6679	13559	AGCATTTTCTATGCTTCTCTCAATATCATCCGGAAGATTGC	41.28	100.0	0.0	0	2	+	57.856
genome1_contig3	5014	10569	AGAAGGAGGTACAAACAACTGGAGCGATGGATGGAA	43.41	98.361	0.0	0	0	+	57.862500000000004
genome1_contig3	1940	7495	ATCAAGAAGATACGCATGGAATGGGGATTCGACAGC	42.88	98.59899999999999	0.0	0	0	+	57.875499999999995
genome1_contig3	4923	10483	TCGGTGATTATCGTATCTATTTCAGAGCGATTAATGACCGC	41.78	99.065	0.0	0	0	+	57.8885
genome1_contig3	1146	6701	ACAGACCACTCGCGTCATCTTCAAGGCTAAATATAC	41.02	99.385	0.0	0	0	+	57.8965
genome1_contig4	3580	10455	GATGGCTGTTATTGAGCAAACCACCAACCAAAGCAC	43.24	98.52	0.0	0	0	+	57.908
genome1_contig3	4156	9716	TCCATTAGGTCACAAGCAGAATGAAAGTTCTACTACAGAGC	41.74	99.12899999999999	0.0	0	0	+	57.912499999999994
genome1_contig4	37	6915	TAATGTTGGACGTGATTCTTCAGATCGAGGAGTAACTCC	41.54	99.219	0.0	0	0	+	57.9175
genome1_contig3	267	5822	TTTCAAGAAGGGTACTGATGCAACATCAGAGGGAGC	42.65	98.786	0.0	0	0	+	57.923
genome1_contig1	102	2299	GTCATCATGATGATTACTCCAGAGACAAGTGAGGAGCG	42.1	99.01700000000001	0.0	0	0	+	57.92850000000001
genome1_contig3	5380	10935	AGAGCCAGGTATTCCTCTCTTCGATTATGAAGACCG	41.55	99.25299999999999	0.0	0	0	+	57.936499999999995
genome1_contig3	5224	10784	GTATTACAAAGACTTCGGTCAATATGCGCAGTCTGTATCAA	41.05	99.454	0.0	0	0	+	57.937
genome1_contig3	5267	10826	ACAAATGGATCAGAAGGTAAAAGAACTATTACGCCAGGTG	41.19	99.42	0.0	0	0	+	57.948
genome1_contig2	684	2460	ATGACGCAAGTACTTACGATATATGACGCAAGCACTT	41.09	99.462	0.0	0	0	+	57.949000000000005
genome1_contig3	3802	9357	CACATCTCTATGCTGGGATGGATATTTCAGCCAGTC	41.26	99.419	0.0	0	0	+	57.9615
genome1_contig3	2084	7639	GGAGTTGACTTGCAGTTCAAGTACGACTACAACGTC	41.66	99.302	0.0	0	0	+	57.983000000000004
genome1_contig4	2065	8940	CATGCCCAGGCTCAGGAGATAAGCAATCTTATAGGT	42.08	100.0	0.0	0	2	+	58.016
genome1_contig4	1299	8174	TATGATGAATCAGACTGTTAGCAGCCTCCACGATCG	42.12	99.20299999999999	0.0	0	0	+	58.025499999999994
genome1_contig3	116	5671	GGGGTAATGGTTCAGGTGAGAATGAATCAGGTGTAA	41.01	99.649	0.0	0	0	+	58.0265
genome1_contig3	3400	8955	AAGCATGATGCTGGAAGAAAACGTTGCCAATTATCA	41.16	99.64299999999999	0.0	0	0	+	58.05349999999999
genome1_contig3	5087	10647	CACCGCATCTATGTATATACCCAGATTGGTGAAACAGAAGA	41.6	99.48	0.0	0	0	+	58.06
genome1_contig4	3666	10541	GTTCCACAACTTCCCAAAACGAGCAGCATTGAGAGC	44.16	98.48100000000001	0.0	0	0	+	58.072500000000005
genome1_contig4	6265	13140	AGATCAAGGAGAAGGAATATTCAGCAGAGGATGGCA	41.72	99.471	0.0	0	0	+	58.0795
genome1_contig3	3532	9087	AAAACTGGTACTAGGATATGCTTCCAACCTGACCCC	42.13	99.365	0.0	0	0	+	58.1085
genome1_contig4	734	7609	CTGATGATGGCATCACCCAGTTCATAGACATCCAGG	42.63	99.18299999999999	0.0	0	0	+	58.1175
genome1_contig2	1140	2915	GGCAAAATGACGATGGCGACGCTGAACCATTTCGCT	46.83	97.51700000000001	0.0	0	0	+	58.124500000000005
genome1_contig4	3147	10022	GGATTAGCTGAACCCAAGCCCTCTACACTCTTGATC	42.37	99.335	0.0	0	0	+	58.14149999999999
genome1_contig3	1596	7155	TGTACTCCGTAACAACTGGTATGAATTGGATGTACAAAGC	41.11	99.853	0.0	0	0	+	58.1485
genome1_contig1	1166	3361	TTACCCAGATATCGTGGCAAAGATGCAGAGTGTGAT	42.21	99.47200000000001	0.0	0	0	+	58.178000000000004
genome1_contig2	218	1993	ATGAAGGGGCTGATGCAACAGATGATTTGCGTTTAG	42.41	99.405	0.0	0	0	+	58.1845
genome1_contig2	1372	3147	GTGATGCCGAGCCAATCCTGCAGGAATCCCCAGTAT	46.7	97.69	0.0	0	0	+	58.185
genome1_contig2	1104	2879	GATGTTGATGCGGCCTTTCAAAGTGTTCTTATCCAT	41.01	100.0	0.0	0	0	+	58.202
genome1_contig3	5341	10899	AGATCAAGGATATAGTTTACACCGCTGTCCTCATCATCT	41.02	100.0	0.0	0	0	+	58.204
genome1_contig3	2603	8161	TATCAGATAACCGATGCCAATGGCTACATCAATTACGAC	41.03	100.0	0.0	0	0	+	58.206
genome1_contig4	4096	10973	TTATCAAACCATACGGCTACGCTATCTGGGAAAAGATG	41.04	100.0	0.0	0	0	+	58.208
genome1_contig3	3643	9203	AATCAAGGCAACAGATAAATCAGCAACTGTTATCGCAAATC	41.05	100.0	0.0	0	0	+	58.21
genome1_contig3	1899	7459	AACCAAACAGCATCATGGCAAACAATAAGTTACATAGTTGG	41.06	100.0	0.0	0	0	+	58.212
genome1_contig1	405	2601	CTCGACCTGCTTTTCGAAGCACTCAAACATTAACATT	41.06	100.0	0.0	0	0	+	58.212
genome1_contig3	3483	9043	TGAGTGATGTCTTGAAAGACAAGGATATCACTACAGAAGGT	41.06	100.0	0.0	0	0	+	58.212
genome1_contig3	3568	9126	AGGTTTACCTGTCTCCACCAATATCCCAATGATATACGA	41.07	100.0	0.0	0	0	+	58.214
genome1_contig3	3291	8847	CCTATAATGCCACGGTAGATGAATGCCAGATCAATGA	41.07	100.0	0.0	0	0	+	58.214
genome1_contig3	1751	7311	AGAAGGTAGATTTGTAATAGCGTAATAACAACGAAAGGCGG	41.08	100.0	0.0	0	0	+	58.216
genome1_contig3	3685	9245	GAAGTTCACTTGCGTCAAGGTAAAGTTGAATCTCATTTTCG	41.09	100.0	0.0	0	0	+	58.218
genome1_contig4	3255	10130	TTGATGCCATCATTACCTGTAGCATCGGTATAACCC	41.09	100.0	0.0	0	0	+	58.218
genome1_contig1	2024	4224	ATCAAGACTTATCCTGATGGTAGTGTAGAGAAACAGCAACT	41.1	100.0	0.0	0	0	+	58.22
genome1_contig4	1000	7876	AACGAGACGGAAATAGGCGATGATATCCTTGATTTCC	41.1	100.0	0.0	0	0	+	58.22
genome1_contig2	477	2252	TTTTATAGCCACCTATTGCCACACCGATACGTTCTT	41.1	100.0	0.0	0	0	+	58.22
genome1_contig2	49	1829	AGTTTCTTGAATCAATCTGCCACCTTATATTATACGGGTGC	41.11	100.0	0.0	0	0	+	58.222
genome1_contig3	3762	9321	TTTTGATTAAGAACATTCTTGCGCAGCAGTTAACTCCAAG	41.11	100.0	0.0	0	0	+	58.222
genome1_contig3	4801	10356	AACAGGAACGTTCACAGTTACAGCTAAGGAAGATCC	41.12	100.0	0.0	0	0	+	58.224000000000004
genome1_contig3	4045	9601	TTTTCAGGGCACATACTATTTGCCGGAGAGATACATC	41.12	100.0	0.0	0	0	+	58.224000000000004
genome1_contig4	2891	9770	CGGAGTAACATATACCGGAATAAAACGGTAGGCTACTACA	41.13	100.0	0.0	0	0	+	58.226
genome1_contig4	5594	12474	TTCTTTATCTCATCAGGATTCTTTAGCTGTTGAAGCTGCTG	41.14	100.0	0.0	0	0	+	58.228
genome1_contig3	1033	6590	ACTGATAGAAAAGCGGAGTTCAACTATGTCGCAAAAGA	41.15	100.0	0.0	0	0	+	58.230000000000004
genome1_contig2	513	2290	TATACTATGCCCAAGGCTAAAGGAAAGTCAACCGAAAC	41.16	100.0	0.0	0	0	+	58.232
genome1_contig1	833	3031	GCACAAAATTAACAATACCATCGGTCAGATTCTGATGGC	41.16	100.0	0.0	0	0	+	58.232
genome1_contig4	2382	9257	TAAGCACTCGGATACAGGGAACTGAACTTTCTAGGA	41.16	100.0	0.0	0	0	+	58.232
genome1_contig4	4019	10899	CAACTACAGTCAGTGGTACAATGATTTGGTAGTAAAGGCTG	41.19	100.0	0.0	0	0	+	58.238
genome1_contig2	1480	3256	GGATGATGAAGGTTCTTGAAAGCCTTTTCCTTTTCGG	41.22	100.0	0.0	0	0	+	58.244
genome1_contig4	4729	11604	ACTTCGCCAAGAGCTTCGACGTTACCTATCTGAACA	43.31	99.18	0.0	0	0	+	58.252
genome1_contig4	2950	9825	AAAACAGCACCACCACCCATCTTACGATATTTCTGA	41.26	100.0	0.0	0	0	+	58.252
genome1_contig4	6535	13414	ATCCAACTGGTATCATATAAATTAAAAGGGTGCGTCACGG	41.27	100.0	0.0	0	0	+	58.254000000000005
genome1_contig4	1402	8282	CAATATATTGTCGATATTGGCACCACGGAAGCTATAGATGC	41.28	100.0	0.0	0	0	+	58.256
genome1_contig3	4555	10110	AAAAGGCACTGCTAAGTTTTGGCTCAAGGCAAATAA	41.29	100.0	0.0	0	0	+	58.258
genome1_contig1	645	2844	AAGTGTGTAACTGAACTCCAGAAGGCTTATAAGCCTATCA	41.3	100.0	0.0	0	0	+	58.26
genome1_contig3	1216	6776	AAAATCGGAAAGAATGTACAGCTTTGGAAACAGGATGATCT	41.31	100.0	0.0	0	0	+	58.262
genome1_contig4	847	7727	CAGTCCGTAATGTTCTATATTACCTATCACCTCCCAGAAGC	41.32	100.0	0.0	0	0	+	58.264
genome1_contig4	1599	8476	AAAGCTGGAAAGTAAGCATCAGGAGATCATCAAAGTCC	41.34	100.0	0.0	0	0	+	58.268
genome1_contig4	6149	13029	GATTAATCATTTAGATATGGGTGCGGAAGTATTGGCACTCG	41.38	100.0	0.0	0	0	+	58.276
genome1_contig4	6301	13176	AGAAGCTCCTCAACATCCTTAACTCTGCCCCTAGCG	44.65	98.695	0.0	0	0	+	58.277499999999996
genome1_contig4	3028	9908	TCTGATTCGTTATTTACTTCAATGTACCATTGTTGGCAGCA	41.39	100.0	0.0	0	0	+	58.278
genome1_contig2	396	2171	TTTTCTAATTTAATGCCACATCTGCCACGCTGTGTG	41.39	100.0	0.0	0	0	+	58.278
genome1_contig1	685	2881	TAGAGAGCGAGGAGTTCAAGAAAGAGTATTATGCGCT	41.39	100.0	0.0	0	0	+	58.278
genome1_contig3	3838	9395	TCAGGTTTCTGATGACTATGCAAAAGGTTTTGAGAGCA	41.39	100.0	0.0	0	0	+	58.278
genome1_contig2	90	1865	CAAGTTCCCGTCAACTATAGCATTGCAGGATCTTCA	41.4	100.0	0.0	0	0	+	58.28
genome1_contig3	771	6329	AAACGATAAGGTTACAATCAAGAACTGGGCTTTGGATGT	41.4	100.0	0.0	0	0	+	58.28
genome1_contig3	917	6472	CAACCAATCAGCGTTTCGTTGACAATAAGCCAGAAA	41.43	100.0	0.0	0	0	+	58.286
genome1_contig1	256	2456	ATGGTATGAATCTTCGTAATCCTCGTATGATTGGTTTCGGA	41.44	100.0	0.0	0	0	+	58.288
genome1_contig3	557	6117	AGGGATTCTATATGGCAAATGCACCTCTATTCGATAACACT	41.44	100.0	0.0	0	0	+	58.288
genome1_contig4	4765	11640	AGGAGAACAAGCCTGAGTATGTATGGGCTACTTCTT	41.45	100.0	0.0	0	0	+	58.29
genome1_contig1	872	3067	AAAGAAGATGGGTAAAACACGTATCATCGCCGAGAC	41.45	100.0	0.0	0	0	+	58.29
genome1_contig4	3399	10274	CCAGAATCGAAGGTTACCTTAACAGCTGTCAAACCA	41.46	100.0	0.0	0	0	+	58.292
genome1_contig1	1916	4111	CCCCAGTCGGCTCTGATGGAGAGTAGCGACTATCAT	45.26	98.48299999999999	0.0	0	0	+	58.293499999999995
genome1_contig4	454	7330	CAAACCTACTACGAAAACAGTAGCAAACTCCAGACCC	41.48	100.0	0.0	0	0	+	58.296
genome1_contig4	151	7026	AGCGTTCTGATAATCACGACCATAGCCTGATCGGTC	43.48	100.0	0.0	0	2	+	58.296
genome1_contig4	1880	8760	ATGGTAAAGTTATTATTGAAACCGATATGCTCAGCTTCGGC	41.49	100.0	0.0	0	0	+	58.298
genome1_contig4	1115	7990	CTCTGGGCATTGGTACGATAGAGAATGGCAAATTGA	41.49	100.0	0.0	0	0	+	58.298
genome1_contig1	1313	3508	TATTGATGATGAGCGGGTTCAGATCTATCTGGCTGA	41.5	100.0	0.0	0	0	+	58.3
genome1_contig1	1	2197	GTTGTGTTGAGAGTGGTGTGAGTGGAACTATCATTCC	41.51	100.0	0.0	0	0	+	58.302
genome1_contig3	4760	10320	AGCTCTATCATCAAAATGAGCGTAAATTCATCGGATGATGC	41.51	100.0	0.0	0	0	+	58.302
genome1_contig3	988	6548	AACTATAAAGATGCAAAATTAAACGCTGAGACAGAGCAGGG	41.54	100.0	0.0	0	0	+	58.308
genome1_contig4	3978	10858	AATATGGCTAAAGAACTTAAGAATTTAACCAAGCGCGCTGA	41.55	100.0	0.0	0	0	+	58.31
genome1_contig3	4269	9824	ACTGTAATGTGAGCGTAAAGGACTGGACTCCTGTAA	41.56	100.0	0.0	0	0	+	58.312
genome1_contig1	148	2348	TCATCGACGAACATACTGATGGCTTTATCTATATGGTCAGC	41.57	100.0	0.0	0	0	+	58.314
genome1_contig4	6041	12917	ATAGTTATGTCTGCAAGGCTCATTGAAGCATTGCAGA	41.57	100.0	0.0	0	0	+	58.314
genome1_contig3	3876	9435	AGGAATATGATGTAAACTCTACCAGTAACAGCAATGGCCT	41.58	100.0	0.0	0	0	+	58.316
genome1_contig4	5223	12098	GCTTACCGTGATGCTCACGTATATGAGTGCGATAAC	41.59	100.0	0.0	0	0	+	58.318
genome1_contig3	38	5598	AAACATTTCTTTGGATTAGCAGTGATAGCTGCTATGACAGC	41.6	100.0	0.0	0	0	+	58.32
genome1_contig4	5540	12415	TTTTCTGATGTCCATGGTCTTCTCAGGCTATGGAGA	41.61	100.0	0.0	0	0	+	58.322
genome1_contig2	177	1957	TGTAAGAATGAGAACCATAACGAGTAAAGAGGCTAAGCAGG	41.62	100.0	0.0	0	0	+	58.324
genome1_contig4	5421	12296	AAGCCTGCCGTAGCTCGCGTTATCATCGCAAGAAGT	46.7	97.971	0.0	0	0	+	58.325500000000005
genome1_contig3	303	5861	ATATACCTTCGTAGAGTATGTTGATCTGGGCTCAATGGC	41.63	100.0	0.0	0	0	+	58.326
genome1_contig4	6000	12880	ATTATAAGGTGTAAGCATTCCCAGTAGAGAAGGCTTACAGC	41.63	100.0	0.0	0	0	+	58.326
genome1_contig4	4874	11749	AAAGCTGGCTCCTATCCAGGTGGTTATCATTCCTAT	41.64	100.0	0.0	0	0	+	58.328
genome1_contig4	76	6954	TCGCGAAACACCTATTCTGGAAGATGATGTATAGGATGG	41.71	99.979	0.0	0	0	+	58.3315
genome1_contig1	1129	3325	CCTTCTATATCGTTGGTTCTACGATGGGACCTCATCC	41.68	100.0	0.0	0	0	+	58.336
genome1_contig3	876	6436	TATTTGGAAGAATACTACAACTGCTAGTCCTACCAATGGCG	41.68	100.0	0.0	0	0	+	58.336
genome1_contig4	6756	13631	TGATATTGACCACATGGCCCTTCACCTTTTCAGATG	41.68	100.0	0.0	0	0	+	58.336
genome1_contig3	4305	9861	AGATAGATGCCGACTTCAACCATACTACATTGTGGGT	41.69	100.0	0.0	0	0	+	58.338
genome1_contig4	2479	9354	TGAAATGATACTCAGCCACGGCATCGACACCATAGA	43.37	99.34100000000001	0.0	0	0	+	58.344500000000004
genome1_contig2	726	2506	ATATGACGTAAGCACTTACGATATTTAGAAGACGCAAGGCA	41.73	100.0	0.0	0	0	+	58.346000000000004
genome1_contig4	3363	10238	GCATTGAGCGCATATTTGTTGGTCTGGAAGAGGATA	41.78	100.0	0.0	0	0	+	58.356
genome1_contig4	2778	9654	GCCATCACCGCCACAGGCATGTGAGGGGAAATCTTAT	46.92	97.944	0.0	0	0	+	58.356
genome1_contig1	1571	3766	TGAGGCTATTTATGCCGGTTACGAACTGACTCGTAT	41.78	100.0	0.0	0	0	+	58.356
genome1_contig1	1535	3730	AAGGGGTAGAAGTCATGTACTTGCCATCAAGGATGA	41.8	100.0	0.0	0	0	+	58.36
genome1_contig3	3017	8577	CGCATACAGCGTGCCGACTTATAATCATAAATCATTCATCG	41.81	100.0	0.0	0	0	+	58.362
genome1_contig3	3916	9471	TTACTATCAGGGAGATGATGCGTGGACACGAAATGA	41.82	100.0	0.0	0	0	+	58.364000000000004
genome1_contig3	3726	9281	ATCCAGCTGTAGCAACTGTATTTAGCGGCAAAAGTT	41.86	100.0	0.0	0	0	+	58.372
genome1_contig4	5861	12741	TTTATCATCCCTTTTATCAGTCATAGAAGGTGCGAAGGAGC	41.88	100.0	0.0	0	0	+	58.376000000000005
genome1_contig4	1563	8438	CGGCATACTTCTGTCTGATTTCCTCGTGATCTCTGA	41.9	100.0	0.0	0	0	+	58.38
genome1_contig3	3994	9549	AAAAGGAGCTTCAGGCTCTGTCAATCCTACAAATGC	41.9	100.0	0.0	0	0	+	58.38
genome1_contig4	2855	9730	ATCAGCCACTTGCTGAAAACAGCGGATAATCATCAA	41.92	100.0	0.0	0	0	+	58.384
genome1_contig4	4578	11454	TTCGCTGAGAAGTATATGGGTGTACCTGTATTGCAGG	41.95	100.0	0.0	0	0	+	58.39
genome1_contig4	2815	9694	CCATCGAAACCCAATGATGATGCAAGGTAATACTTTCACC	41.98	100.0	0.0	0	0	+	58.396
genome1_contig3	733	6290	ACTGGTACCGAAAAGACTGTAGCTGATGGTACATATGC	41.98	100.0	0.0	0	0	+	58.396
genome1_contig4	2715	9590	GCAGCACTCTCGATGGCATTGAAGTCGAAACCATGA	44.64	98.936	0.0	0	0	+	58.396
genome1_contig4	2515	9390	TACCCGGTCCCATCTCGATACTGTTGAGATAGACTT	41.99	100.0	0.0	0	0	+	58.398
genome1_contig3	1486	7041	GGAGAATCTTACTACATTGCCCGCATCAAGCACTTC	42.02	100.0	0.0	0	0	+	58.404
genome1_contig4	2310	9185	TCTTCACCCTCACGAGGGAAGTAAGGGATGAATTTC	42.03	100.0	0.0	0	0	+	58.406
genome1_contig1	61	2261	TGAAAGTGGTAAAGCCTATTGCTGACAGATATGATATCCGC	42.03	100.0	0.0	0	0	+	58.406
genome1_contig3	3952	9509	TGCCAACGCAAATATAAACGACCAAGATGTAATCACCC	42.03	100.0	0.0	0	0	+	58.406
genome1_contig4	197	7072	GGCATCCTTCCGCCATAGCCACCACCGAATGAAGAT	46.94	98.038	0.0	0	0	+	58.407
genome1_contig3	3364	8919	TAAGCTCGTAGCAGAGAATCTTCCTGCGCCTTTGGC	45.43	98.645	0.0	0	0	+	58.4085
genome1_contig3	4473	10029	GTAAAGACGCTAACGGCAATGATAGCATCGAGTTTCG	42.05	100.0	0.0	0	0	+	58.41
genome1_contig3	1558	7115	TACGGTACAGATAATCTTGCATACTTGGGGCGTTATGG	42.07	100.0	0.0	0	0	+	58.414
genome1_contig2	1408	3183	TTCACTTTTGAAGCCTTGATGTTCGGATCGGTGATG	42.09	100.0	0.0	0	0	+	58.418
genome1_contig4	1479	8354	TTTCCTTACAGAGCTGCATCACGATAGACATCTGCA	42.11	100.0	0.0	0	0	+	58.422
genome1_contig2	434	2214	AGTGGTTGATACAGATAGAATAATGGGTGGCAATAAGGTGC	42.11	100.0	0.0	0	0	+	58.422
genome1_contig1	1055	3250	CCGTACGGGCAATATGACTTTAAGTGATGCATGCTC	42.17	100.0	0.0	0	0	+	58.434
genome1_contig4	4618	11496	TGAAGAGTGAGACTGAGCGTTTCGCCGGTGCCTTGAATA	46.94	98.09299999999999	0.0	0	0	+	58.43449999999999
genome1_contig2	985	2760	TTCTCGTACATCTCATCAGGCTGGATGTTCTTGTCG	42.19	100.0	0.0	0	0	+	58.438
genome1_contig4	1522	8402	TGTATCCTGATACTCATCCACCAGGATATAATCGAACCTGC	42.22	100.0	0.0	0	0	+	58.444
genome1_contig3	1293	6848	TGCCTCTGCAACTGATGCAAATACAACCATCACATT	42.24	100.0	0.0	0	0	+	58.448
genome1_contig4	2551	9426	CCATGATACGCTGCTTGCTCCACATCATTTCAATGA	42.24	100.0	0.0	0	0	+	58.448
genome1_contig1	1607	3802	GGAAGGTATCATACCGGTCGGCGAGATCCATCATCT	44.25	100.0	0.0	0	2	+	58.45
genome1_contig2	1066	2843	TGCTTGGTAGGATACATCTGCTTCAGTTTCGACATAGC	42.26	100.0	0.0	0	0	+	58.452
genome1_contig3	1636	7191	GTTAGCGGTCCTGGTTATCCTGATGTTCCAGATGTT	42.36	99.97200000000001	0.0	0	0	+	58.458000000000006
genome1_contig3	4082	9637	GCCAATGCTTCCCAGCAGTCACGACTGGCTATTGAA	45.97	98.53	0.0	0	0	+	58.459
genome1_contig4	5112	11990	ATCATGCGTCGTGATACTTTGGAGAAGGAGAATGTAAGC	42.32	100.0	0.0	0	0	+	58.464
genome1_contig2	648	2423	CATGTCCTCGATGTATCGGGCAAGCACTTACGATAT	42.32	100.0	0.0	0	0	+	58.464
genome1_contig4	5671	12546	AAGCCAGCCATACGAAGGATAGACTTGCCAAAGTTA	42.36	100.0	0.0	0	0	+	58.472
genome1_contig3	5416	10971	TGAAGGCTGGATTGTCTATGATCCTACATCCGACCC	43.06	99.723	0.0	0	0	+	58.4735
genome1_contig4	5733	12608	CAGCTGGAAGATGCATCCAATGCCGCCTATCGGGTA	46.75	98.25	0.0	0	0	+	58.475
genome1_contig3	2871	8426	CCCAAGGCAGAGGAGCCTTCGAGAACATAAACTATT	42.38	100.0	0.0	0	0	+	58.476
genome1_contig1	1952	4147	GGTTCTGAGAATTCCCGTTCCTTCATCGGTGTACAT	42.44	100.0	0.0	0	0	+	58.488
genome1_contig4	3069	9944	TTCACCATTGCCTGGCTAGCATACATGTAAACCTCT	42.44	100.0	0.0	0	0	+	58.488
genome1_contig1	797	2992	CTATCTGAAGCGTGAGGATCTGAATCATACCGGTGC	42.45	100.0	0.0	0	0	+	58.49
genome1_contig3	1329	6884	GGCAGGTTCAGACAATGATTTGACAAAGGCTGGAAA	42.5	100.0	0.0	0	0	+	58.5
genome1_contig1	1277	3472	TGGTGGAAGCAATGCCGCGGGTACCATCTATCATTA	45.07	99.008	0.0	0	0	+	58.518
genome1_contig3	4342	9897	AAGCAAGACGGAGGCTAATGTGACCTCTACGACAAA	43.4	99.677	0.0	0	0	+	58.5185
genome1_contig4	2346	9221	ATCTGATGTTCAATCTGTCGCTGGCGCTTCTTCATA	42.6	100.0	0.0	0	0	+	58.52
genome1_contig4	3857	10732	AAAGGAAATCGCCTATTTCGGGGCGGAAATTCCCTA	44.04	99.436	0.0	0	0	+	58.526
genome1_contig1	1202	3397	CAGTGAGGAGCTGAAATGGCAGTTGGAAGAGAAGAT	42.64	100.0	0.0	0	0	+	58.528
genome1_contig2	1261	3036	CCCATGAAGATGAGGATGGCATCGAAATCATCGCCA	44.33	99.32799999999999	0.0	0	0	+	58.529999999999994
genome1_contig4	5385	12260	TACGAGCAGACTCCAGGTGTTGATATGGTGAGCGGC	46.18	98.589	0.0	0	0	+	58.5305
genome1_contig2	1225	3000	TCGCCGATAGGTACACCATTGTTGTAATCGTTGGTG	42.8	100.0	0.0	0	0	+	58.56
genome1_contig4	1921	8796	ACGGAGAATACGGGAGAAGATGCTATGGAAGGTACC	42.83	100.0	0.0	0	0	+	58.566
genome1_contig3	1828	7383	GTGTTTTCTGCTTCACCATAGCGGAAAGCCAGAAAC	42.83	100.0	0.0	0	0	+	58.566
genome1_contig3	4197	9752	TTCCAACCTTTCCTCGTGGCACCTACTACGAGATTA	42.84	100.0	0.0	0	0	+	58.568
genome1_contig3	2449	8004	TACCCTCTGGCAGGGATTGAGCAACGAAACGGTAGA	45.82	98.822	0.0	0	0	+	58.575
genome1_contig2	913	2688	ACCGGAACCGCCCAGACATTGCCTACTTCCTTAATC	45.29	99.039	0.0	0	0	+	58.5775
genome1_contig3	1257	6812	TGAGAAGCATATCAAGGCCGCTGTTACCAATGTTGT	42.96	100.0	0.0	0	0	+	58.592
genome1_contig4	2029	8904	ATTGGTAAAGGTAAGTGCCATGATGCTCCAAGGCTT	42.97	100.0	0.0	0	0	+	58.594
genome1_contig4	5811	12686	TATGGCAACCCATCTGCAAGCAGTAGATTGCTAACC	43.05	100.0	0.0	0	0	+	58.61
genome1_contig3	3607	9162	GCCAAAGGATATCAGTGGCAATGCACTCGTAACAGA	43.08	100.0	0.0	0	0	+	58.616
genome1_contig4	3893	10768	TTGGGCGTGTTTTCACGCTCAAGATATGTCGTGTTT	43.49	99.84299999999999	0.0	0	0	+	58.619499999999995
genome1_contig4	698	7573	TTGCCCGACATGATATCCTCGCTGATTCTACTCTCC	43.12	100.0	0.0	0	0	+	58.624
genome1_contig1	1866	4061	CCGACCTCTATACGCCTGTGGGAGTTTATATGCGAT	43.12	100.0	0.0	0	0	+	58.624
genome1_contig1	333	2528	AACGCAGCAGGTGCCATCATTGGTAGTAAGTTTGTG	43.63	99.79700000000001	0.0	0	0	+	58.624500000000005
genome1_contig3	697	6252	GAGCGTGGTCTTGCTAAGGTTACCTTAGGTACAGGT	43.15	100.0	0.0	0	0	+	58.63
genome1_contig2	1517	3292	CGATTTCTTTCTTGCTCATCGCCTTTTGGGCGAATG	43.17	100.0	0.0	0	0	+	58.634
genome1_contig1	722	2917	CCTGAAGGATTATGTTGGCCGCCCTTCACCTCTTTA	43.98	99.68700000000001	0.0	0	0	+	58.639500000000005
genome1_contig1	1705	3900	GCCGTGGTGACAAGGATGTAGAAACCTATTTGAGCC	43.22	100.0	0.0	0	0	+	58.644
genome1_contig3	2413	7968	TGCCGGAAAGGTAGAAAACCAGGCACTTCCGCTTGA	46.86	98.54899999999999	0.0	0	0	+	58.646499999999996
genome1_contig4	3435	10310	TTGGCATCTGTAACGGTAGAAACCTGCGCATTCTTC	43.29	100.0	0.0	0	0	+	58.658
genome1_contig4	4170	11045	GTACAGAACGCATACTTCCCTCTCCTCATCCCGAAG	43.31	100.0	0.0	0	0	+	58.662
genome1_contig3	519	6074	AGCAACTAATGCGACAGCCAAATTTGCTTCTACCGA	43.32	100.0	0.0	0	0	+	58.664
genome1_contig4	1	6876	AGCTCTTACAGATTTAAAGCCTTCAGGACGACGGGT	43.33	100.0	0.0	0	0	+	58.666
genome1_contig4	115	6990	TTTTGGATCAGCAATGAACTGCGAAGCTACTGGCTT	43.38	100.0	0.0	0	0	+	58.676
genome1_contig4	4542	11417	GCAAAGGCTCAGGAGATGCTGAAGGTTTATGCTGAG	43.42	100.0	0.0	0	0	+	58.684
genome1_contig4	2587	9462	GAAAGGTGAAATACACCTCAAATCCCTTGCGGGTCC	43.44	100.0	0.0	0	0	+	58.688
genome1_contig4	308	7183	ATCTTGCCATATCGGAAACGGTTCTTGGCATTGGTC	43.47	100.0	0.0	0	0	+	58.694
genome1_contig4	4316	11191	TCCTAATGCCAAGCTCGATGAGGAGCTGATCATCCG	44.83	99.508	0.0	0	0	+	58.72
genome1_contig1	1427	3622	CCGCACGCTTGTGATGCAGACTGAGGATGGACAGAT	46.79	98.72399999999999	0.0	0	0	+	58.72
genome1_contig2	949	2724	GCCTTTACGTATTCATCGAAGAAGATGCCACGGGCA	44.39	99.693	0.0	0	0	+	58.7245
genome1_contig1	1385	3580	TGCAACCATGCATTGCGGTACTGAGGGAATCATTCA	44.56	99.648	0.0	0	0	+	58.736
genome1_contig4	5938	12813	TCGCCAGCAAGTATTATGTCATTTGCCTGCGGCATC	45.09	99.449	0.0	0	0	+	58.7425
genome1_contig4	6452	13327	CAAGGATTTCGGCTACCAGCCAGTTACAGAGATGGT	43.73	100.0	0.0	0	0	+	58.746
genome1_contig1	369	2564	ACATTGCTCAATGAGGTAGGCAATCCAGACCAGGCT	45.13	99.445	0.0	0	0	+	58.7485
genome1_contig4	1443	8318	TCTGCGAATCATCACCTACGGCACAGACACGCAGTT	46.5	98.905	0.0	0	0	+	58.7525
genome1_contig4	3291	10166	TGGATAGCTACCTCGCAGTCGGCATTGTTCTTCAAA	43.78	100.0	0.0	0	0	+	58.756
genome1_contig3	5188	10743	AGATAAAATGGTGGCCGACGAGACTAACACCGGATG	43.79	100.0	0.0	0	0	+	58.758
genome1_contig3	5152	10707	TTTTACGGAAGGGACCGATAGAAATGGATGGCCTGG	43.84	100.0	0.0	0	0	+	58.768
genome1_contig4	1786	8661	GGCATGAACGGCAGCAGGCTTATAGGCCTTGTCATC	46.22	99.07700000000001	0.0	0	0	+	58.782500000000006
genome1_contig4	770	7645	GTATGCGAACGGTCGATGAAGGAAGAGATGAGCAGG	44.0	100.0	0.0	0	0	+	58.8
genome1_contig1	1241	3436	CCGCGATTATCCTGATTACCTCATCGCCTGCGTGGG	46.85	98.867	0.0	0	0	+	58.8035
genome1_contig3	3436	8991	GCTCACCATCGAGCCAGGCAAATACCATGTCTATGT	44.09	100.0	0.0	0	0	+	58.818
genome1_contig3	2231	7786	CCCCTCAAAGACCCTAACTATGCCATGCGCATAGAC	44.12	100.0	0.0	0	0	+	58.824
genome1_contig4	418	7293	GATTGCAGCAAGCGGACTCGGGAAGATATTCTCCTC	44.14	100.0	0.0	0	0	+	58.828
genome1_contig3	1522	7077	GGCGATGTCTTGACTCCTTGGAAGGCTGGTAATAGC	44.17	100.0	0.0	0	0	+	58.834
genome1_contig4	3507	10382	TTTCCAATCAAGTTACCCGCTGTACCACCAACAGCA	44.26	100.0	0.0	0	0	+	58.852000000000004
genome1_contig3	2521	8076	TCTCATCAGAGACACCAAGCAGCTCACCATCAGTCT	44.26	100.0	0.0	0	0	+	58.852000000000004
genome1_contig4	4657	11532	CTTATACCATCGAGGCGATGATGCAGGATGGCAAGG	44.28	100.0	0.0	0	0	+	58.856
genome1_contig3	2120	7675	CAGCGCGCTGATATGTTCAATGATCATGTAGGCGGA	44.42	100.0	0.0	0	0	+	58.884
genome1_contig4	4134	11009	CAGCAGCAGCTCGACAAGATGTTTAAGCAGACAGGT	44.45	100.0	0.0	0	0	+	58.89
genome1_contig4	5902	12777	CTTTCCGTCAGGAAACCGCCCCTATCCACTTTGATG	44.47	100.0	0.0	0	0	+	58.894
genome1_contig3	3328	8883	TCTTCGCCTCTACGCCTTTCCTGTAGATGGTAACGG	44.48	100.0	0.0	0	0	+	58.896
genome1_contig2	13	1788	GTGGTTCGTCCGAGTCATCGGCGTGGGTACGAAAAG	46.91	99.03	0.0	0	0	+	58.897
genome1_contig4	5635	12510	ATGCTACGCAACAGAAAGAGGGAGCATACGCAACAG	44.49	100.0	0.0	0	0	+	58.898
genome1_contig2	1444	3219	GAGTCGCCGAAGTAAGCCACCTTCTTGCCTTTCCAA	45.71	99.51899999999999	0.0	0	0	+	58.9015
genome1_contig4	5313	12188	GACGGTACAGCCGAGACCGAGGCAAAGATCAAGGAG	46.38	99.256	0.0	0	0	+	58.904
genome1_contig1	1499	3694	TCCGGGTATTGGACCTATGCATGCAGACTTGGCTAC	45.04	99.79899999999999	0.0	0	0	+	58.9075
genome1_contig4	5040	11915	GACTACGAGTTGAAGGGTGTACCTGTTCGTCTCGCA	44.55	100.0	0.0	0	0	+	58.91
genome1_contig2	1335	3110	GTTCCACTGTCTGCCGCTCACACCATAAACGTATGG	44.6	100.0	0.0	0	0	+	58.92
genome1_contig2	612	2387	CGTTGTAAGGGGCACGTATCCTCGTTGTATGGAGGA	44.67	100.0	0.0	0	0	+	58.934
genome1_contig4	4393	11268	GGATCCATTCATGGCGTGATCTCCCTATCCTCTGCA	44.68	100.0	0.0	0	0	+	58.936
genome1_contig4	4506	11381	GGGCATACCGCTCATGCTACCAAGGAAGAGGCTGAG	46.67	99.215	0.0	0	0	+	58.941500000000005
genome1_contig2	767	2542	ATGCAGAGAGCTGCTGCATGATGGTCTTTGCCATAC	44.72	100.0	0.0	0	0	+	58.944
genome1_contig3	2341	7896	GAGGAGGACGAGCGCCGACCAGAAGATCTCGTAGAG	46.73	100.0	0.0	0	2	+	58.946000000000005
genome1_contig1	1349	3544	GGCTGCCGGTCATGGTATTGATACCAATTACACGGC	44.83	99.962	0.0	0	0	+	58.947
genome1_contig4	5259	12134	TACGAGGAGTTCAAGGAGCGTGTAAAGAATGGCGGT	44.76	100.0	0.0	0	0	+	58.952
genome1_contig4	1708	8583	CTTGTTCTGCTCCAGGATGGCAGGGTCGCTATCGTA	46.11	99.469	0.0	0	0	+	58.9565
genome1_contig4	4060	10935	ACCTCGCAGAGTTGTCACCAGTTCGTGGTTGTATGA	44.84	100.0	0.0	0	0	+	58.968
genome1_contig4	3183	10058	TGGCTGCTGGTAACACCGCATGACTTCAAGTAGGTA	44.85	100.0	0.0	0	0	+	58.97
genome1_contig4	4244	11119	CGCCAAGGAGTGTGCTGTGGTTACTCACTATCGTCT	44.86	100.0	0.0	0	0	+	58.972
genome1_contig4	5004	11879	GACAACACAGCTAAGCGTCCTGGCTTCAAGTTTGCT	44.88	100.0	0.0	0	0	+	58.976
genome1_contig4	5076	11951	ATGGGTGGCCGTGACTTGGAGAACAACACCATCGAG	46.84	99.23	0.0	0	0	+	58.983000000000004
genome1_contig4	1822	8697	CAGTCCCATCTCCTTGATGATCGCCTTCAGCAGTGA	44.94	100.0	0.0	0	0	+	58.988
genome1_contig4	4693	11568	CTCTCCAGAGCGGTACTTCTCACTTCCTGGGTCAGA	45.12	100.0	0.0	0	0	+	59.024
genome1_contig3	1708	7263	ATCAACGTCAGCGTGAAGATCCTCAGCTGGGCTAAG	45.13	100.0	0.0	0	0	+	59.026
genome1_contig1	1463	3658	TGAGGAAGCCTTCACCATCAGTGCCGGTTTGGATTA	45.16	100.0	0.0	0	0	+	59.032
genome1_contig4	1993	8868	TTTTCCGATACGTTCCTTCATCTCCCTTGCCGCCTT	45.24	100.0	0.0	0	0	+	59.048
genome1_contig1	297	2492	ATCAGCAACAAGCAGACTCTTACGAGTGCGCAGGAT	45.24	100.0	0.0	0	0	+	59.048
genome1_contig4	806	7681	CGGAAATTCTCGAGTTTGGTCTGCGCACCCTTGTTG	45.27	100.0	0.0	0	0	+	59.054
genome1_contig4	4280	11155	TCGTTCTACAGAGGATGGCACAGAGGTTGAGGTGGA	45.33	100.0	0.0	0	0	+	59.066
genome1_contig4	928	7803	GGTGGTAGCACCGATGCCACGAGCCGGATAATTGAT	46.79	99.419	0.0	0	0	+	59.067499999999995
genome1_contig4	5151	12026	TTCGACGGCATCGTAGAGCGCGTGAAGGATATGTTG	45.36	100.0	0.0	0	0	+	59.072
genome1_contig4	3471	10346	ACAGCCTCTGCCTCAGCCTTTACCTTATCCATGTGC	45.36	100.0	0.0	0	0	+	59.072
genome1_contig3	2048	7603	GACTTGATGCACGACGACCTCCCTCCTTGCGATATG	45.37	100.0	0.0	0	0	+	59.074
genome1_contig3	2156	7711	GTCTGCGTGTTCATCTTCGATGAGCAGGGCAACCTA	45.38	100.0	0.0	0	0	+	59.076
genome1_contig3	2799	8354	ATGCGATACTGAGCATCTGGAACAAGAAGACGGGCG	45.41	100.0	0.0	0	0	+	59.082
genome1_contig4	5472	12347	AAAACGGTGTCGGGAGATTCCCGGCACCATCAAATA	45.43	100.0	0.0	0	0	+	59.086
genome1_contig4	1190	8065	TTCTTCGCCACTATCAGAGCCTCCTCCTTGTCGCTG	46.03	99.764	0.0	0	0	+	59.088
genome1_contig3	2377	7932	AGAAAGCATCGAAGCCCTCCGTGCACTCGACAGAAA	46.55	99.557	0.0	0	0	+	59.0885
genome1_contig4	527	7402	TCATCCTTCTCTCCCTCACTATCCGCATCCGTCAGC	45.54	100.0	0.0	0	0	+	59.108000000000004
genome1_contig4	1079	7954	ATGCCCTGCTTTCTGAATTCCTCCTCGAAGCTTCGG	45.57	100.0	0.0	0	0	+	59.114000000000004
genome1_contig3	2835	8390	AAGAGGTGGTCCGCATCAATCTTGCCGATTGTCTCG	45.58	100.0	0.0	0	0	+	59.116
genome1_contig4	2274	9149	CCCCTATATCCTCCTACAGCCGTGCTTGGGTCGTAG	45.61	100.0	0.0	0	0	+	59.122
genome1_contig1	1988	4183	CCATTGGCTAGCATTGCCGTGAGTCATGGAGAGGTT	45.62	100.0	0.0	0	0	+	59.124
genome1_contig2	841	2616	TCCGGCTTGTTGAACATCTGGGCACCTGCATCATAA	45.63	100.0	0.0	0	0	+	59.126000000000005
genome1_contig3	2012	7567	ATCGTCGCTCTAGGCAGTATGCTCAGCAGCTGCAAC	46.73	99.561	0.0	0	0	+	59.12650000000001
genome1_contig4	1744	8619	GGCTTCAGCAGTTACCAGGTTGTTCTTCGCCATCGA	45.69	100.0	0.0	0	0	+	59.138
genome1_contig1	1019	3214	GCGTATGAAGATGCTGGGTGCCAAGGTGAATCCTGT	45.76	100.0	0.0	0	0	+	59.152
genome1_contig4	491	7366	TTTGCCGCATGAATCGTCATGAGCGAAACTCTCGGT	45.77	100.0	0.0	0	0	+	59.154
genome1_contig4	4838	11713	GGTTCACAGCGATGACAACGGTCTGGTATTGCCTCC	45.84	99.991	0.0	0	0	+	59.1635
genome1_contig4	888	7763	TCACCTGGTTCTGATGGGCACAATCGGCAATCTTCG	45.82	100.0	0.0	0	0	+	59.164
genome1_contig4	964	7839	GATACGTTTGAAAGCCTCCTCATCGTCCGGGTTGGC	45.87	100.0	0.0	0	0	+	59.174
genome1_contig4	4802	11677	GGGTGTTTCTACCCGACTGATGGGTGCCCTCATCAT	46.32	99.831	0.0	0	0	+	59.179500000000004
genome1_contig2	1189	2964	GCTACCCTCACGCTGTCGAAAGTCTCCGTGTACCAT	46.05	100.0	0.0	0	0	+	59.21
genome1_contig4	4910	11785	CAACAAGGGCGAGGAGCAGTTGGCTCAGATTACTGC	46.05	100.0	0.0	0	0	+	59.21
genome1_contig4	6792	13667	AACCGTAAGCGCTGTGGCGGAACCAGAAACCGATAG	46.97	99.64399999999999	0.0	0	0	+	59.215999999999994
genome1_contig4	4465	11340	CCCGTCCATTCCTCCGTACTTCTGAGTTCCTCTGGC	46.08	100.0	0.0	0	0	+	59.216
genome1_contig3	1792	7347	AGCTTAGGCTCCCGCCTTCGTTCAACCATACGAGTT	46.23	100.0	0.0	0	0	+	59.246
genome1_contig4	5349	12224	GAGACTCAGGCTACCATCCGTTGCGTACCATTCGCT	46.29	100.0	0.0	0	0	+	59.258
genome1_contig2	1299	3074	CTCCTTCTGGAGCTGATCTGCCTGACGGGGAATGTC	46.33	100.0	0.0	0	0	+	59.266
genome1_contig2	576	2351	GGGTGCTTTTGACCGGATGTTTCGGGCACTTGTCTT	46.37	100.0	0.0	0	0	+	59.274
genome1_contig4	2679	9554	GCACCATGCACCTTACCGCCACGGGCATTATTCTTG	46.75	99.86	0.0	0	0	+	59.28
genome1_contig4	4429	11304	ACCAGTGGTGTAACGTGATGCGTTGGGAGATGCGTA	46.41	100.0	0.0	0	0	+	59.282
genome1_contig2	1030	2805	AAAAGCGCACGGTGCACAGGAGTCATCACCACAATC	46.41	100.0	0.0	0	0	+	59.282
genome1_contig3	2943	8500	AGCTCGACTTCTTCCTCAAAGGCGACCAGTGGCAGTAT	46.88	99.83200000000001	0.0	0	0	+	59.292
genome1_contig4	6378	13253	AGCATGGGTAATATGAAGCTGCAGGCGTGCCTCTCT	46.46	100.0	0.0	0	0	+	59.292
genome1_contig4	344	7221	AGGATGCAATGCTTCTCGGCACGGGTAATCGCAACATA	46.51	100.0	0.0	0	0	+	59.302
genome1_contig2	1560	3336	GGTTGGCATCGCCAAACTGAGGGCAAGTACCAGAGTA	46.55	100.0	0.0	0	0	+	59.31
genome1_contig3	1976	7531	TTGACATCAATCAGCCGCACGACAGCATTCAGCAGC	46.55	100.0	0.0	0	0	+	59.31
genome1_contig4	5770	12650	GCAGCAGTCGTCCACAGCGTTTATTGCCAAGTGGCAATATA	46.55	100.0	0.0	0	0	+	59.31
genome1_contig3	2981	8536	ATGCAACTCGGCATCTCCATCCTCGACTGGAGCAAG	46.58	100.0	0.0	0	0	+	59.316
genome1_contig4	3544	10419	CACCGATGGCAGCACCTACTACTGCACCTGTACCAC	46.61	100.0	0.0	0	0	+	59.322
genome1_contig4	2124	9000	CAGCACCGGCAATCACCAGCGAAGGTCCGTCAATATA	46.62	100.0	0.0	0	0	+	59.324
genome1_contig1	2065	4260	TCCAGCCTTCGGCGAAGGAAAGGGAGAAGATTGCAA	46.65	100.0	0.0	0	0	+	59.33
genome1_contig4	4208	11083	CTTCTTCTCTCGTGAGGCTGAGCACGTGGCAGGTTT	46.66	100.0	0.0	0	0	+	59.332
genome1_contig4	3111	9986	CGGTTCTGAGCGCAGGCTGCAGTAGTATTCACCACA	46.69	100.0	0.0	0	0	+	59.338
genome1_contig3	2567	8122	GACGATCCAGCCAACATCCAAGCCGACGACTTCAGT	46.7	100.0	0.0	0	0	+	59.34
genome1_contig3	2763	8318	GCCTCGTGTTGCATCCCGTAACCGAGAACGACAAGA	46.71	100.0	0.0	0	0	+	59.342
genome1_contig4	6491	13366	CTATACAGGCAAGACAGCCGAGGCTTTCGCCCAACT	46.71	100.0	0.0	0	0	+	59.342
genome1_contig3	4233	9788	TCGGCAAGATCAAGAGTCTGGGAAACGCAACCCTCG	46.72	100.0	0.0	0	0	+	59.344
genome1_contig4	622	7497	GCGTCCTGCCACGAAGGTCTGCATACCACTCAGAAA	46.72	100.0	0.0	0	0	+	59.344
genome1_contig3	3255	8810	GCAAGGCATTCAGCGGCAGTTCCTCTGAGGTTCCTA	46.76	100.0	0.0	0	0	+	59.352000000000004
genome1_contig4	1646	8521	GCCTGACGGCAACGCTGCACGTATGCCACATAAATC	46.82	100.0	0.0	0	0	+	59.364000000000004
genome1_contig4	2163	9041	CTACCGCAGCACGCTGCGCATCATTCAAGTCGTTCAATA	46.85	100.0	0.0	0	0	+	59.370000000000005
genome1_contig4	1153	8029	GTATCCGCAATCATCCCGCTGCTTGATGCGCTGGATA	46.88	100.0	0.0	0	0	+	59.376000000000005
genome1_contig1	205	2402	GTGCCCAGAGTAGCTTCGGCGATGCAAAGTTGGCTTAT	46.89	100.0	0.0	0	0	+	59.378
genome1_contig4	2634	9509	GGCCAGAGGAATACGTTCTTGGCGGTCTGCTGACTG	46.9	100.0	0.0	0	0	+	59.38
genome1_contig4	382	7257	AAGCAGACGACGCTCCTCTTCCAGTTCCCTGACAGA	46.9	100.0	0.0	0	0	+	59.38
genome1_contig4	4968	11843	CAGCTCCGCGAGTTGGGCATCAGCGTGAAGTATGAT	46.92	100.0	0.0	0	0	+	59.384
genome1_contig1	983	3178	GGCTACCGATGTGGAACGCCAGCATACCAATGTGGA	46.92	100.0	0.0	0	0	+	59.384
genome1_contig2	805	2580	GAATGGCCGGCATCGTTTGGATGAAGACGGTCGGTA	46.93	100.0	0.0	0	0	+	59.386
genome1_contig4	3629	10505	AGCACCTGCACCAGCAGCAGTACCAGTCTTCTGACTA	46.93	100.0	0.0	0	0	+	59.386
genome1_contig4	6416	13291	CGACCATCAGTTTGTAGCCACCCAGCTCCTTGCCTT	46.94	100.0	0.0	0	0	+	59.388
genome1_contig4	2443	9318	CACACTCGCCACGGAAGAGATCCTGCGCTTTCTTGT	46.94	100.0	0.0	0	0	+	59.388
genome1_contig3	660	6216	GGCATCTGCAGGTGCAGCTGCTGCCGATATCTATGTT	46.94	100.0	0.0	0	0	+	59.388
genome1_contig4	3327	10202	ACCTGGGCAAACTGAGCCAAGTCGTTCTTAGCGCTT	46.95	100.0	0.0	0	0	+	59.39
genome1_contig4	233	7108	TCAGGAGCCTCGTCACCACCCTCTATCAAACTGGCA	46.95	100.0	0.0	0	0	+	59.39
genome1_contig1	913	3108	CCGGACAGCATGGTGTAGCAACAGCTACCGTCTGTG	46.95	100.0	0.0	0	0	+	59.39
genome1_contig3	2277	7835	GCAAATACCGCTTCGCCACCTTCGCCTTCCAGAAGAAAT	46.96	100.0	0.0	0	0	+	59.392
genome1_contig4	662	7537	TCCAGGTTTTCCTGGCGAGCCAGATCATCGGCATTC	46.97	100.0	0.0	0	0	+	59.394
genome1_contig4	3219	10094	GAAACGGCATTGGCACGATTCTGGCTCAAAGGCAGG	46.97	100.0	0.0	0	0	+	59.394
genome1_contig1	1092	3288	GAGGCTATCCGCGACTGGTGCTGTCATCCACAGGATA	46.98	100.0	0.0	0	0	+	59.396
